sample_id,condition,author_cell_type,mean_expression,median_expression,detection_fraction,n_nuclei
s_0096,PD,Astro,0.012030773,0.0,0.012422360248447204,644
s_0096,PD,Micro,0.13111387,0.0,0.10632911392405063,395
s_0096,PD,Neurons,0.06562132,0.0,0.02857142857142857,105
s_0096,PD,OPC,0.040856924,0.0,0.05627705627705628,231
s_0096,PD,Oligo,0.0031518159,0.0,0.003179650238473768,2516
s_0096,PD,T cells,0.0,0.0,0.0,19
s_0096,PD,VC,0.01919482,0.0,0.011764705882352941,85
s_0098,PD,Astro,0.034858257,0.0,0.04590163934426229,1830
s_0098,PD,Micro,0.47625372,0.0,0.3229235880398671,1505
s_0098,PD,Neurons,0.12600976,0.0,0.0741444866920152,526
s_0098,PD,OPC,0.17270465,0.0,0.1716867469879518,332
s_0098,PD,Oligo,0.032327585,0.0,0.03530961791831357,3795
s_0098,PD,T cells,0.1823179,0.0,0.14285714285714285,14
s_0098,PD,VC,0.21184006,0.0,0.2,70
s_0100,PD,Astro,0.020210372,0.0,0.011940298507462687,335
s_0100,PD,Micro,0.32659775,0.0,0.18532818532818532,259
s_0100,PD,Neurons,0.019739892,0.0,0.038461538461538464,26
s_0100,PD,OPC,0.17319907,0.0,0.1588785046728972,321
s_0100,PD,Oligo,0.0047225114,0.0,0.003930817610062893,1272
s_0100,PD,T cells,0.0,0.0,0.0,11
s_0100,PD,VC,0.0,0.0,0.0,26
s_0102,PD,Astro,0.17087933,0.0,0.1861648016276704,983
s_0102,PD,Micro,1.4549663,1.5086939,0.7211895910780669,538
s_0102,PD,Neurons,0.12535095,0.0,0.09090909090909091,55
s_0102,PD,OPC,0.21736963,0.0,0.23371647509578544,261
s_0102,PD,Oligo,0.09790705,0.0,0.10300176574455562,1699
s_0102,PD,T cells,0.20757364,0.0,0.15,60
s_0102,PD,VC,0.3427269,0.0,0.25882352941176473,85
s_0103,PD,Astro,0.015754461,0.0,0.0163265306122449,735
s_0103,PD,Micro,0.2223494,0.0,0.14925373134328357,670
s_0103,PD,Neurons,0.0,0.0,0.0,15
s_0103,PD,OPC,0.09965377,0.0,0.11549295774647887,355
s_0103,PD,Oligo,0.013940364,0.0,0.013793103448275862,145
s_0103,PD,T cells,0.0,0.0,0.0,9
s_0103,PD,VC,0.031211924,0.0,0.03125,32
s_0104,PD,Astro,0.027067194,0.0,0.03125,800
s_0104,PD,Micro,0.27739066,0.0,0.17857142857142858,364
s_0104,PD,Neurons,0.0,0.0,0.0,18
s_0104,PD,OPC,0.097817816,0.0,0.09803921568627451,255
s_0104,PD,Oligo,0.0045174398,0.0,0.004934210526315789,608
s_0104,PD,T cells,0.0,0.0,0.0,8
s_0104,PD,VC,0.09069327,0.0,0.08333333333333333,12
s_0105,PD,Astro,0.0071611637,0.0,0.008756567425569177,571
s_0105,PD,Micro,0.6798261,0.0,0.3971631205673759,141
s_0105,PD,Neurons,0.0972703,0.0,0.08333333333333333,12
s_0105,PD,OPC,0.07949212,0.0,0.08465608465608465,189
s_0105,PD,Oligo,0.0073417425,0.0,0.00392156862745098,765
s_0105,PD,T cells,0.0,0.0,0.0,2
s_0105,PD,VC,0.0,0.0,0.0,25
s_0107,PD,Astro,0.024183923,0.0,0.019646365422396856,509
s_0107,PD,Micro,0.29863572,0.0,0.20783132530120482,332
s_0107,PD,Neurons,0.04241021,0.0,0.07692307692307693,13
s_0107,PD,OPC,0.045513965,0.0,0.05442176870748299,147
s_0107,PD,Oligo,0.013837734,0.0,0.012612612612612612,555
s_0107,PD,T cells,0.0,0.0,0.0,4
s_0107,PD,VC,0.08297312,0.0,0.09090909090909091,22
s_0109,PD,Astro,0.037860364,0.0,0.03987240829346093,627
s_0109,PD,Micro,0.49322575,0.0,0.29528535980148884,403
s_0109,PD,Neurons,0.078422435,0.0,0.052054794520547946,365
s_0109,PD,OPC,0.4039103,0.0,0.35384615384615387,130
s_0109,PD,Oligo,0.017996583,0.0,0.020093770931011386,1493
s_0109,PD,T cells,0.05202165,0.0,0.030303030303030304,33
s_0109,PD,VC,0.20047174,0.0,0.15841584158415842,101
s_0110,PD,Astro,0.010029531,0.0,0.00437636761487965,457
s_0110,PD,Micro,0.5101628,0.0,0.18439716312056736,141
s_0110,PD,Neurons,0.0,0.0,0.0,157
s_0110,PD,OPC,0.028569395,0.0,0.01098901098901099,182
s_0110,PD,Oligo,0.0,0.0,0.0,589
s_0110,PD,T cells,0.0,0.0,0.0,1
s_0110,PD,VC,0.07389551,0.0,0.043478260869565216,92
s_0111,PD,Astro,0.034392763,0.0,0.016778523489932886,894
s_0111,PD,Micro,0.10444627,0.0,0.04537521815008726,573
s_0111,PD,Neurons,0.01943215,0.0,0.02666666666666667,75
s_0111,PD,OPC,0.1904276,0.0,0.08558558558558559,222
s_0111,PD,Oligo,0.0082316175,0.0,0.004901960784313725,1632
s_0111,PD,T cells,0.0,0.0,0.0,9
s_0111,PD,VC,0.032034,0.0,0.015151515151515152,66
s_0116,PD,Astro,0.015898988,0.0,0.01279317697228145,469
s_0116,PD,Micro,0.18806212,0.0,0.12335958005249344,381
s_0116,PD,Neurons,0.03281624,0.0,0.032679738562091505,153
s_0116,PD,OPC,0.4394748,0.0,0.3333333333333333,195
s_0116,PD,Oligo,0.020464977,0.0,0.02097902097902098,429
s_0116,PD,VC,0.0,0.0,0.0,17
s_0118,PD,Astro,0.012794997,0.0,0.016282225237449117,737
s_0118,PD,Micro,0.42054674,0.0,0.2617801047120419,191
s_0118,PD,Neurons,0.029870914,0.0,0.03164556962025317,158
s_0118,PD,OPC,0.40624437,0.0,0.3898305084745763,118
s_0118,PD,Oligo,0.0061531635,0.0,0.006711409395973154,596
s_0118,PD,T cells,0.0,0.0,0.0,3
s_0118,PD,VC,0.13913827,0.0,0.1111111111111111,18
s_0119,PD,Astro,0.06013856,0.0,0.05389221556886228,334
s_0119,PD,Micro,0.52881294,0.0,0.28901734104046245,173
s_0119,PD,Neurons,0.0,0.0,0.0,20
s_0119,PD,OPC,0.2525178,0.0,0.3114754098360656,61
s_0119,PD,Oligo,0.013003789,0.0,0.01556420233463035,257
s_0119,PD,T cells,0.0,0.0,0.0,10
s_0119,PD,VC,0.05761733,0.0,0.06666666666666667,15
s_0120,PD,Astro,0.022201937,0.0,0.01015228426395939,591
s_0120,PD,Micro,0.2133645,0.0,0.0781758957654723,307
s_0120,PD,Neurons,0.0,0.0,0.0,27
s_0120,PD,OPC,0.13857609,0.0,0.05652173913043478,230
s_0120,PD,Oligo,0.0,0.0,0.0,427
s_0120,PD,T cells,0.0,0.0,0.0,14
s_0120,PD,VC,0.12750053,0.0,0.058823529411764705,34
s_0127,Control,Astro,0.023256313,0.0,0.017241379310344827,174
s_0127,Control,Micro,0.35620838,0.0,0.25287356321839083,87
s_0127,Control,Neurons,0.0,0.0,0.0,53
s_0127,Control,OPC,0.14339045,0.0,0.13488372093023257,215
s_0127,Control,Oligo,0.0013006501,0.0,0.0014825796886582653,1349
s_0127,Control,T cells,0.0,0.0,0.0,8
s_0127,Control,VC,0.0,0.0,0.0,30
s_0128,Control,Astro,0.0070399786,0.0,0.005504587155963303,545
s_0128,Control,Micro,0.058582734,0.0,0.04258943781942078,587
s_0128,Control,Neurons,0.005819115,0.0,0.011363636363636364,88
s_0128,Control,OPC,0.19897556,0.0,0.18253968253968253,252
s_0128,Control,Oligo,0.016085146,0.0,0.012953367875647668,386
s_0128,Control,VC,0.17337571,0.0,0.15789473684210525,19
s_0129,Control,Astro,0.02548408,0.0,0.02463605823068309,893
s_0129,Control,Micro,0.28901044,0.0,0.18181818181818182,363
s_0129,Control,Neurons,0.0,0.0,0.0,60
s_0129,Control,OPC,0.14552194,0.0,0.14511041009463724,317
s_0129,Control,Oligo,0.0043819584,0.0,0.00411522633744856,1215
s_0129,Control,T cells,0.0,0.0,0.0,14
s_0129,Control,VC,0.09633257,0.0,0.06666666666666667,45
s_0130,Control,Astro,0.023822712,0.0,0.018245004344048653,1151
s_0130,Control,Micro,0.19292863,0.0,0.12472885032537961,922
s_0130,Control,Neurons,0.032838453,0.0,0.026936026936026935,297
s_0130,Control,OPC,0.11039601,0.0,0.09900990099009901,505
s_0130,Control,Oligo,0.008553394,0.0,0.0074801309022907905,2139
s_0130,Control,T cells,0.0,0.0,0.0,19
s_0130,Control,VC,0.08260248,0.0,0.05263157894736842,57
s_0131,Control,Astro,0.040499803,0.0,0.03961848862802641,1363
s_0131,Control,Micro,0.36841068,0.0,0.21706161137440758,1055
s_0131,Control,Neurons,0.04543818,0.0,0.03415783274440518,849
s_0131,Control,OPC,0.30638832,0.0,0.23652694610778444,334
s_0131,Control,Oligo,0.020551497,0.0,0.020598006644518274,1505
s_0131,Control,T cells,0.0,0.0,0.0,8
s_0131,Control,VC,0.13178785,0.0,0.1276595744680851,94
s_0142,Control,Astro,0.0177998,0.0,0.008171603677221655,979
s_0142,Control,Micro,0.10190159,0.0,0.04021937842778794,547
s_0142,Control,Neurons,0.019905062,0.0,0.015873015873015872,189
s_0142,Control,OPC,0.12680882,0.0,0.053811659192825115,223
s_0142,Control,Oligo,0.004169835,0.0,0.0016366612111292963,611
s_0142,Control,T cells,0.0,0.0,0.0,4
s_0142,Control,VC,0.013765814,0.0,0.009523809523809525,105
s_0147,Control,Astro,0.003955887,0.0,0.003278688524590164,305
s_0147,Control,Micro,0.038043883,0.0,0.0297029702970297,202
s_0147,Control,Neurons,0.036290627,0.0,0.02857142857142857,350
s_0147,Control,OPC,0.32115915,0.0,0.27125506072874495,247
s_0147,Control,Oligo,0.008788732,0.0,0.008918617614269788,897
s_0147,Control,T cells,0.0,0.0,0.0,12
s_0147,Control,VC,0.0,0.0,0.0,65
s_0151,Control,Astro,0.01548296,0.0,0.016877637130801686,711
s_0151,Control,Micro,0.3742771,0.0,0.25462962962962965,216
s_0151,Control,Neurons,0.028616484,0.0,0.03571428571428571,28
s_0151,Control,OPC,0.21533777,0.0,0.2087378640776699,206
s_0151,Control,Oligo,0.005014862,0.0,0.005621925509486999,1423
s_0151,Control,T cells,0.0,0.0,0.0,18
s_0151,Control,VC,0.08009034,0.0,0.08196721311475409,61
s_0152,Control,Astro,0.024807783,0.0,0.03046218487394958,952
s_0152,Control,Micro,0.17581402,0.0,0.13312202852614896,631
s_0152,Control,Neurons,0.016468449,0.0,0.012670565302144249,1026
s_0152,Control,OPC,0.3260246,0.0,0.3316582914572864,199
s_0152,Control,Oligo,0.0064746034,0.0,0.007446016381236039,1343
s_0152,Control,T cells,0.0,0.0,0.0,19
s_0152,Control,VC,0.08168682,0.0,0.06779661016949153,59
s_0153,Control,Astro,0.0053949645,0.0,0.005376344086021506,186
s_0153,Control,Micro,0.10916394,0.0,0.06947890818858561,403
s_0153,Control,Neurons,0.010619833,0.0,0.02127659574468085,47
s_0153,Control,OPC,0.19637404,0.0,0.192,125
s_0153,Control,Oligo,0.0070235753,0.0,0.008875739644970414,338
s_0153,Control,T cells,0.0,0.0,0.0,1
s_0153,Control,VC,0.17665222,0.0,0.06666666666666667,15
s_0154,Control,Astro,0.031103466,0.0,0.02949438202247191,712
s_0154,Control,Micro,0.4299195,0.0,0.2978142076502732,366
s_0154,Control,Neurons,0.11065582,0.0,0.07092198581560284,141
s_0154,Control,OPC,0.3050752,0.0,0.2727272727272727,187
s_0154,Control,Oligo,0.020416949,0.0,0.019668737060041408,966
s_0154,Control,VC,0.1030031,0.0,0.1,10
s_0158,Control,Astro,0.025437297,0.0,0.021929824561403508,912
s_0158,Control,Micro,0.35790193,0.0,0.24156305506216696,563
s_0158,Control,Neurons,0.044859555,0.0,0.03602305475504323,694
s_0158,Control,OPC,0.3305739,0.0,0.2968036529680365,219
s_0158,Control,Oligo,0.011424503,0.0,0.012471655328798186,1764
s_0158,Control,T cells,0.07610034,0.0,0.05263157894736842,19
s_0158,Control,VC,0.058812242,0.0,0.058823529411764705,85
s_0159,Control,Astro,0.008287685,0.0,0.011293634496919919,974
s_0159,Control,Micro,0.27884766,0.0,0.2130841121495327,535
s_0159,Control,Neurons,0.021264542,0.0,0.009861932938856016,507
s_0159,Control,OPC,0.13622034,0.0,0.19631901840490798,326
s_0159,Control,Oligo,0.010280098,0.0,0.00969237252423093,2373
s_0159,Control,T cells,0.0,0.0,0.0,18
s_0159,Control,VC,0.04944493,0.0,0.06201550387596899,129
s_0165,Control,Astro,0.057066087,0.0,0.026706231454005934,337
s_0165,Control,Micro,0.25402763,0.0,0.09655172413793103,145
s_0165,Control,Neurons,0.0057596285,0.0,0.007042253521126761,142
s_0165,Control,OPC,0.07321132,0.0,0.03333333333333333,60
s_0165,Control,Oligo,0.0025632803,0.0,0.0015424164524421595,1945
s_0165,Control,T cells,0.0,0.0,0.0,10
s_0165,Control,VC,0.015244642,0.0,0.011627906976744186,86
