n_per_group,true_log2fc,mean_log2fc_hat,median_lfc_se,power_nominal,power_fdr
10,0.0,0.02410504239012078,0.488024472918883,0.0614,0.001
15,0.0,0.013603761256454672,0.3927071080407359,0.0564,0.0012
20,0.0,0.009579355202720755,0.33837267149639505,0.0522,0.0004
25,0.0,0.005684152383042303,0.30167444211028566,0.0556,0.0004
30,0.0,0.003575831275299538,0.2741737225659693,0.054,0.0006
35,0.0,0.00316128743975455,0.2537307443237089,0.0546,0.0008
40,0.0,0.008150719309902098,0.2371180857242218,0.0604,0.001
50,0.0,0.0019711830202996275,0.2117340096480337,0.0532,0.001
60,0.0,0.00470238275338416,0.19299825290184477,0.053,0.0002
70,0.0,-3.57015019735865e-05,0.17857570517767163,0.0486,0.0008
80,0.0,0.003658509401853162,0.16708813495704622,0.0478,0.0012
100,0.0,0.0010118842572891238,0.14915197483288614,0.0512,0.0006
10,0.5,0.5004756548379162,0.4878536835427488,0.1856,0.0058
15,0.5,0.5113049581069244,0.3919773185371284,0.253,0.0156
20,0.5,0.5137000744276171,0.3378846392745103,0.3274,0.0264
25,0.5,0.5100943980061536,0.3008353946278659,0.3924,0.0346
30,0.5,0.5066603124660802,0.273724988584222,0.448,0.0484
35,0.5,0.5002125865886384,0.25347289390647953,0.507,0.0662
40,0.5,0.5033665731284915,0.23670289291514143,0.5616,0.0892
50,0.5,0.4971424357879874,0.21135031948053093,0.6546,0.13
60,0.5,0.501210752520721,0.1928911927928744,0.7344,0.1816
70,0.5,0.504620085040436,0.17833143072386448,0.808,0.2598
80,0.5,0.5042263608951497,0.16673920325657254,0.8538,0.314
100,0.5,0.49938865440573627,0.14911856387320355,0.9178,0.4422
10,0.75,0.7700585953191316,0.48731876473767755,0.3614,0.0368
15,0.75,0.783345551915109,0.39265556484700437,0.4798,0.0602
20,0.75,0.7631477030115399,0.33720883298828824,0.6152,0.1094
25,0.75,0.7499114885270588,0.30097863159255706,0.6934,0.1606
30,0.75,0.7524552731620305,0.27395393657377193,0.781,0.2302
35,0.75,0.7567255633955978,0.2531695640014533,0.834,0.3128
40,0.75,0.7508011807480692,0.23672717245039063,0.8774,0.3734
50,0.75,0.7474976407084131,0.2112904562640703,0.9374,0.5082
60,0.75,0.7543709173515273,0.19263861159419032,0.9728,0.663
70,0.75,0.7486235729992714,0.17825339219385317,0.9848,0.7566
80,0.75,0.7505267210926917,0.16669990435629017,0.9928,0.8498
100,0.75,0.7562043388283066,0.148945572501111,0.9988,0.9424
10,1.0,1.0097063073784291,0.48724174129119363,0.5304,0.087
15,1.0,1.0072260660328998,0.39223711942878886,0.7104,0.1812
20,1.0,1.0042246613193595,0.33729280735086464,0.8368,0.3008
25,1.0,1.0057462641771984,0.30088989442928005,0.9088,0.4386
30,1.0,1.0039664000773836,0.2739366069483316,0.9452,0.5642
35,1.0,0.9955035485363766,0.25309368154802253,0.974,0.667
40,1.0,1.000260764244792,0.23673899696891998,0.9898,0.7636
50,1.0,0.9997096189841209,0.21107160841597358,0.9966,0.882
60,1.0,1.003929724504355,0.19259833553515304,0.999,0.9556
70,1.0,1.0035363033370845,0.17829508167538186,0.9998,0.9848
80,1.0,1.0054875163737076,0.16659635737314976,1.0,0.9952
100,1.0,0.9956544217884431,0.14890650785948703,1.0,0.9994
